{
    "name": "root",
    "gauges": {
        "RollerBall.Policy.Entropy.mean": {
            "value": 1.4473071098327637,
            "min": 1.4174926280975342,
            "max": 1.4636033773422241,
            "count": 6
        },
        "RollerBall.Policy.Entropy.sum": {
            "value": 14475.9658203125,
            "min": 14169.255859375,
            "max": 14638.9609375,
            "count": 6
        },
        "RollerBall.Environment.EpisodeLength.mean": {
            "value": 5.0,
            "min": 5.0,
            "max": 37.11026615969582,
            "count": 6
        },
        "RollerBall.Environment.EpisodeLength.sum": {
            "value": 8335.0,
            "min": 8335.0,
            "max": 9760.0,
            "count": 6
        },
        "RollerBall.Step.mean": {
            "value": 59999.0,
            "min": 9992.0,
            "max": 59999.0,
            "count": 6
        },
        "RollerBall.Step.sum": {
            "value": 59999.0,
            "min": 9992.0,
            "max": 59999.0,
            "count": 6
        },
        "RollerBall.Policy.ExtrinsicValueEstimate.mean": {
            "value": -14.139167785644531,
            "min": -14.139167785644531,
            "max": -8.355713844299316,
            "count": 6
        },
        "RollerBall.Policy.ExtrinsicValueEstimate.sum": {
            "value": -23569.9921875,
            "min": -23569.9921875,
            "max": -2464.935546875,
            "count": 6
        },
        "RollerBall.Policy.CuriosityValueEstimate.mean": {
            "value": 200.156982421875,
            "min": 76.10795593261719,
            "max": 200.156982421875,
            "count": 6
        },
        "RollerBall.Policy.CuriosityValueEstimate.sum": {
            "value": 333661.6875,
            "min": 22451.84765625,
            "max": 333661.6875,
            "count": 6
        },
        "RollerBall.Environment.CumulativeReward.mean": {
            "value": -28.784643071385723,
            "min": -28.784643071385723,
            "max": -16.28978622327791,
            "count": 6
        },
        "RollerBall.Environment.CumulativeReward.sum": {
            "value": -47984.0,
            "min": -47984.0,
            "max": -4610.0,
            "count": 6
        },
        "RollerBall.Policy.ExtrinsicReward.mean": {
            "value": -14.392321535692862,
            "min": -14.392321535692862,
            "max": -8.144893111638956,
            "count": 6
        },
        "RollerBall.Policy.ExtrinsicReward.sum": {
            "value": -23992.0,
            "min": -23992.0,
            "max": -2305.0,
            "count": 6
        },
        "RollerBall.Policy.CuriosityReward.mean": {
            "value": 0.03092382937651876,
            "min": 0.03092382937651876,
            "max": 17.889885232648776,
            "count": 6
        },
        "RollerBall.Policy.CuriosityReward.sum": {
            "value": 51.550023570656776,
            "min": 51.550023570656776,
            "max": 4687.1499309539795,
            "count": 6
        },
        "RollerBall.Losses.PolicyLoss.mean": {
            "value": 0.24415485055959876,
            "min": 0.23935698463681102,
            "max": 0.24422029737011358,
            "count": 6
        },
        "RollerBall.Losses.PolicyLoss.sum": {
            "value": 23.927175354840678,
            "min": 20.243422628068267,
            "max": 23.93358914227113,
            "count": 6
        },
        "RollerBall.Losses.ValueLoss.mean": {
            "value": 0.15327791567499033,
            "min": 0.15327791567499033,
            "max": 8.4071195669488,
            "count": 6
        },
        "RollerBall.Losses.ValueLoss.sum": {
            "value": 15.021235736149052,
            "min": 15.021235736149052,
            "max": 739.8265218914944,
            "count": 6
        },
        "RollerBall.Policy.LearningRate.mean": {
            "value": 0.0002670156109948,
            "min": 0.0002670156109948,
            "max": 0.0002969083022353855,
            "count": 6
        },
        "RollerBall.Policy.LearningRate.sum": {
            "value": 0.026167529877490398,
            "min": 0.0245087386304206,
            "max": 0.026755294481568794,
            "count": 6
        },
        "RollerBall.Policy.Epsilon.mean": {
            "value": 0.18900519999999998,
            "min": 0.18900519999999998,
            "max": 0.19896943373493975,
            "count": 6
        },
        "RollerBall.Policy.Epsilon.sum": {
            "value": 18.5225096,
            "min": 16.514463,
            "max": 18.7184312,
            "count": 6
        },
        "RollerBall.Policy.Beta.mean": {
            "value": 0.00044612548,
            "min": 0.00044612548,
            "max": 0.0004949502253012049,
            "count": 6
        },
        "RollerBall.Policy.Beta.sum": {
            "value": 0.04372029704,
            "min": 0.04089093906,
            "max": 0.04468031288000002,
            "count": 6
        },
        "RollerBall.Losses.CuriosityForwardLoss.mean": {
            "value": 0.010796770179283101,
            "min": 0.010796770179283101,
            "max": 4.100015464226278,
            "count": 6
        },
        "RollerBall.Losses.CuriosityForwardLoss.sum": {
            "value": 1.0580834775697439,
            "min": 1.0580834775697439,
            "max": 340.30128353078106,
            "count": 6
        },
        "RollerBall.Losses.CuriosityInverseLoss.mean": {
            "value": 2.163708897016081,
            "min": 1.5156186163961267,
            "max": 2.233953612089968,
            "count": 6
        },
        "RollerBall.Losses.CuriosityInverseLoss.sum": {
            "value": 212.04347190757593,
            "min": 126.19056529733744,
            "max": 218.92745398481688,
            "count": 6
        },
        "RollerBall.IsTraining.mean": {
            "value": 1.0,
            "min": 1.0,
            "max": 1.0,
            "count": 6
        },
        "RollerBall.IsTraining.sum": {
            "value": 1.0,
            "min": 1.0,
            "max": 1.0,
            "count": 6
        }
    },
    "metadata": {
        "timer_format_version": "0.1.0",
        "start_time_seconds": "1642181012",
        "python_version": "3.7.8 (tags/v3.7.8:4b47a5b6ba, Jun 28 2020, 08:53:46) [MSC v.1916 64 bit (AMD64)]",
        "command_line_arguments": "C:\\Users\\ocuat\\AppData\\Roaming\\Python\\Python37\\Scripts\\mlagents-learn config/rollerball_config.yaml --run-id=RollerBall --force",
        "mlagents_version": "0.27.0",
        "mlagents_envs_version": "0.27.0",
        "communication_protocol_version": "1.5.0",
        "pytorch_version": "1.10.1+cu113",
        "numpy_version": "1.21.5",
        "end_time_seconds": "1642182012"
    },
    "total": 999.2849968,
    "count": 1,
    "self": 0.0050144000000500455,
    "children": {
        "run_training.setup": {
            "total": 0.06279260000000009,
            "count": 1,
            "self": 0.06279260000000009
        },
        "TrainerController.start_learning": {
            "total": 999.2171898,
            "count": 1,
            "self": 1.1198338999954558,
            "children": {
                "TrainerController._reset_env": {
                    "total": 5.2940901,
                    "count": 1,
                    "self": 5.2940901
                },
                "TrainerController.advance": {
                    "total": 992.6558051000046,
                    "count": 68635,
                    "self": 1.0936906999945677,
                    "children": {
                        "env_step": {
                            "total": 707.7459973000058,
                            "count": 68635,
                            "self": 530.1289881999926,
                            "children": {
                                "SubprocessEnvManager._take_step": {
                                    "total": 176.917478600006,