{
    "name": "root",
    "gauges": {
        "RollerBall.Policy.Entropy.mean": {
            "value": 1.386793613433838,
            "min": 1.386793613433838,
            "max": 1.394096851348877,
            "count": 3
        },
        "RollerBall.Policy.Entropy.sum": {
            "value": 13866.548828125,
            "min": 13866.548828125,
            "max": 13952.12109375,
            "count": 3
        },
        "RollerBall.Environment.EpisodeLength.mean": {
            "value": 6.954653937947494,
            "min": 6.392751479289941,
            "max": 38.40157480314961,
            "count": 3
        },
        "RollerBall.Environment.EpisodeLength.sum": {
            "value": 8742.0,
            "min": 8643.0,
            "max": 9754.0,
            "count": 3
        },
        "RollerBall.Step.mean": {
            "value": 29995.0,
            "min": 9998.0,
            "max": 29995.0,
            "count": 3
        },
        "RollerBall.Step.sum": {
            "value": 29995.0,
            "min": 9998.0,
            "max": 29995.0,
            "count": 3
        },
        "RollerBall.Policy.ExtrinsicValueEstimate.mean": {
            "value": -8.673545837402344,
            "min": -39.17236328125,
            "max": -8.148470878601074,
            "count": 3
        },
        "RollerBall.Policy.ExtrinsicValueEstimate.sum": {
            "value": -10919.994140625,
            "min": -11712.537109375,
            "max": -10919.994140625,
            "count": 3
        },
        "RollerBall.Policy.CuriosityValueEstimate.mean": {
            "value": 274.8889465332031,
            "min": 89.19962310791016,
            "max": 274.8889465332031,
            "count": 3
        },
        "RollerBall.Policy.CuriosityValueEstimate.sum": {
            "value": 346085.1875,
            "min": 26670.6875,
            "max": 346085.1875,
            "count": 3
        },
        "RollerBall.Environment.CumulativeReward.mean": {
            "value": -11.330803478152959,
            "min": -76.78723129076448,
            "max": -10.557389024446701,
            "count": 3
        },
        "RollerBall.Environment.CumulativeReward.sum": {
            "value": -14242.819972038269,
            "min": -19427.169516563416,
            "max": -14242.819972038269,
            "count": 3
        },
        "RollerBall.Policy.ExtrinsicReward.mean": {
            "value": -9.06464267934042,
            "min": -61.42978595273768,
            "max": -8.445911081584953,
            "count": 3
        },
        "RollerBall.Policy.ExtrinsicReward.sum": {
            "value": -11394.255847930908,
            "min": -15541.735846042633,
            "max": -11394.255847930908,
            "count": 3
        },
        "RollerBall.Policy.CuriosityReward.mean": {
            "value": 2.625911164919156,
            "min": 2.625911164919156,
            "max": 36.52119023715083,
            "count": 3
        },
        "RollerBall.Policy.CuriosityReward.sum": {
            "value": 3300.770334303379,
            "min": 3300.770334303379,
            "max": 9239.86112999916,
            "count": 3
        },
        "RollerBall.Losses.PolicyLoss.mean": {
            "value": 0.2393273890216703,
            "min": 0.2393273890216703,
            "max": 0.2435809381385708,
            "count": 3
        },
        "RollerBall.Losses.PolicyLoss.sum": {
            "value": 22.97542934608035,
            "min": 19.486475051085662,
            "max": 22.97542934608035,
            "count": 3
        },
        "RollerBall.Losses.ValueLoss.mean": {
            "value": 65.08547529573288,
            "min": 13.623594302263173,
            "max": 169.11376678299715,
            "count": 3
        },
        "RollerBall.Losses.ValueLoss.sum": {
            "value": 6248.205628390357,
            "min": 1294.2414587150015,
            "max": 13529.101342639771,
            "count": 3
        },
        "RollerBall.Policy.LearningRate.mean": {
            "value": 0.0002849924550025166,
            "min": 0.0002849924550025166,
            "max": 0.00029690373103209,
            "count": 3
        },
        "RollerBall.Policy.LearningRate.sum": {
            "value": 0.027359275680241595,
            "min": 0.0237522984825672,
            "max": 0.027645008084997397,
            "count": 3
        },
        "RollerBall.Policy.Epsilon.mean": {
            "value": 0.19499748333333336,
            "min": 0.19499748333333336,
            "max": 0.19896791,
            "count": 3
        },
        "RollerBall.Policy.Epsilon.sum": {
            "value": 18.719758400000003,
            "min": 15.9174328,
            "max": 18.719758400000003,
            "count": 3
        },
        "RollerBall.Policy.Beta.mean": {
            "value": 0.0004754876683333333,
            "min": 0.0004754876683333333,
            "max": 0.0004949427590000001,
            "count": 3
        },
        "RollerBall.Policy.Beta.sum": {
            "value": 0.04564681616,
            "min": 0.03959542072,
            "max": 0.04610351274,
            "count": 3
        },
        "RollerBall.Losses.CuriosityForwardLoss.mean": {
            "value": 0.4015422077775696,
            "min": 0.4015422077775696,
            "max": 31.907212500571337,
            "count": 3
        },
        "RollerBall.Losses.CuriosityForwardLoss.sum": {
            "value": 38.54805194664668,
            "min": 38.54805194664668,
            "max": 2552.577000045707,
            "count": 3
        },
        "RollerBall.Losses.CuriosityInverseLoss.mean": {
            "value": 1.3205419698055316,
            "min": 1.3205419698055316,
            "max": 2.019135613045539,
            "count": 3
        },
        "RollerBall.Losses.CuriosityInverseLoss.sum": {
            "value": 126.77202910133104,
            "min": 126.77202910133104,
            "max": 161.53084904364312,
            "count": 3
        },
        "RollerBall.IsTraining.mean": {
            "value": 1.0,
            "min": 1.0,
            "max": 1.0,
            "count": 3
        },
        "RollerBall.IsTraining.sum": {
            "value": 1.0,
            "min": 1.0,
            "max": 1.0,
            "count": 3
        }
    },
    "metadata": {
        "timer_format_version": "0.1.0",
        "start_time_seconds": "1642109601",
        "python_version": "3.7.8 (tags/v3.7.8:4b47a5b6ba, Jun 28 2020, 08:53:46) [MSC v.1916 64 bit (AMD64)]",
        "command_line_arguments": "C:\\Users\\ocuat\\AppData\\Roaming\\Python\\Python37\\Scripts\\mlagents-learn config/rollerball_config.yaml --run-id=RollerBall --force",
        "mlagents_version": "0.27.0",
        "mlagents_envs_version": "0.27.0",
        "communication_protocol_version": "1.5.0",
        "pytorch_version": "1.10.1+cu113",
        "numpy_version": "1.21.5",
        "end_time_seconds": "1642110080"
    },
    "total": 479.51057380000003,
    "count": 1,
    "self": 0.005068100000073628,
    "children": {
        "run_training.setup": {
            "total": 0.06099999999999994,
            "count": 1,
            "self": 0.06099999999999994
        },
        "TrainerController.start_learning": {
            "total": 479.4445057,
            "count": 1,
            "self": 0.5185254000012378,
            "children": {
                "TrainerController._reset_env": {
                    "total": 5.7198538,
                    "count": 1,
                    "self": 5.7198538
                },
                "TrainerController.advance": {
                    "total": 473.0801844999988,
                    "count": 32982,
                    "self": 0.5412922000072058,
                    "children": {
                        "env_step": {
                            "total": 338.3004690999934,
                            "count": 32982,
                            "self": 255.22519090000034,