{"count":1,"self":174.47726079999998,"total":475.37184049999996,"children":{"InitializeActuators":{"count":1,"self":0.0009953,"total":0.0009953,"children":null},"InitializeSensors":{"count":1,"self":0.0010011,"total":0.0010011,"children":null},"AgentSendState":{"count":305101,"self":1.7182955999999998,"total":4.1562449,"children":{"CollectObservations":{"count":30511,"self":0.72482649999999993,"total":0.72482649999999993,"children":null},"WriteActionMask":{"count":30511,"self":0.10954219999999999,"total":0.10954219999999999,"children":null},"RequestDecision":{"count":30511,"self":0.34046309999999996,"total":1.6035807,"children":{"AgentInfo.ToProto":{"count":30511,"self":0.33125479999999996,"total":1.2631176,"children":{"GenerateSensorData":{"count":30511,"self":0.9318628,"total":0.9318628,"children":null}}}}}}},"DecideAction":{"count":305101,"self":286.3129088,"total":286.3129135,"children":null},"AgentAct":{"count":305101,"self":10.3145112,"total":10.4224328,"children":{"AgentInfo.ToProto":{"count":2939,"self":0.0322119,"total":0.10792159999999999,"children":{"GenerateSensorData":{"count":2939,"self":0.075709699999999991,"total":0.075709699999999991,"children":null}}}}}},"gauges":{"RollerBall.CumulativeReward":{"count":2939,"max":-10,"min":-337.990265,"runningAverage":-16.5827122,"value":-10.08,"weightedAverage":-10.6258936}},"metadata":{"timer_format_version":"0.1.0","start_time_seconds":"1642109605","unity_version":"2020.3.25f1","command_line_arguments":"C:\\Program Files\\Unity\\Hub\\Editor\\2020.3.25f1\\Editor\\Unity.exe -projectpath C:\\Users\\ocuat\\Desktop\\Rollerball -useHub -hubIPC -cloudEnvironment production -licensingIpc LicenseClient-ocuat -hubSessionId 9a64a270-7468-11ec-90e0-65c78d4b4f08 -accessToken Wf9bRQUBI0Zsy6QPSfEppMbqvUYUgHqH017l28DS8nU006f","communication_protocol_version":"1.5.0","com.unity.ml-agents_version":"2.0.1","scene_name":"SampleScene","end_time_seconds":"1642110080"}}